{"info":{"_postman_id":"4e85d25f-a53b-45ba-85bf-bc52c657032d","name":"HelpNet_APIs","schema":"https://schema.getpostman.com/json/collection/v2.1.0/collection.json"},"item":[{"_postman_id":"8273a012-09d5-4954-9935-bc4ab293c55a","name":"Content","description":"Common APIs","item":[{"_postman_id":"f9247d49-e930-4231-9fc6-42d52767504b","name":"Boot","event":[{"listen":"test","script":{"id":"698e1838-4fc2-48a1-8833-e668edb3dfbc","exec":["pm.test(\"response is ok\", function () {","    pm.response.to.have.status(200);","});"],"type":"text/javascript"}}],"request":{"method":"GET","header":[],"body":{"mode":"raw","raw":""},"url":{"raw":"{{helpnet_endpoint}}api/content/boot","host":["{{helpnet_endpoint}}api"],"path":["content","boot"]}},"response":[]}],"event":[{"listen":"prerequest","script":{"id":"67c9bfcd-40e9-4c09-b78e-b411148ebc54","type":"text/javascript","exec":[""]}},{"listen":"test","script":{"id":"780b7d05-debc-4c6c-ac0c-78b4f59fc6fb","type":"text/javascript","exec":[""]}}]},{"_postman_id":"d8fef136-e78e-48db-9f28-58f64f05c56e","name":"Customer","description":"","item":[{"_postman_id":"fd9fed2f-f83b-4a76-87d9-ec38966ff123","name":"FindProvider by CPF/CNPJ without ProviderCod - Customer","event":[{"listen":"test","script":{"id":"a929a3e3-ad27-48aa-a600-9ce1c4cef6df","exec":["var response = responseBody;","var result = response.substring(14,16)","//tests[\"Resultado OK - Localizou Customer\"] = result === \"ID\"","//result = response.search(\"Customer not found\")","//tests[\"Resultado OK - Customer not found\"] = result > 0 ","/*","tests[\"Resultado OK - Localizou Customer\"] = result === \"ID\"","","if (result === \"ID\"){","    tests[\"Resultado OK - Localizou Customer\"] = result === \"ID\"","}else{ ","    result = response.search(\"Customer not found\")","    if(result > 0){","        tests[\"Resultado OK - Customer not found\"] ","    }","}","*/","pm.test(\"response is ok\", function () {","    pm.response.to.have.status(200);","});","",""],"type":"text/javascript"}}],"request":{"auth":{"type":"noauth"},"method":"GET","header":[{"key":"Content-Type","value":"application/json"},{"key":"cpf","value":"01234567890","disabled":true}],"body":{"mode":"raw","raw":""},"url":{"raw":"{{helpnet_endpoint}}api/customer/getProviderByCustomerID?cpfCustomer=10000000000","host":["{{helpnet_endpoint}}api"],"path":["customer","getProviderByCustomerID"],"query":[{"key":"cpfCustomer","value":"10000000000","equals":true}]}},"response":[]},{"_postman_id":"f76b52ae-af15-4346-945a-3a4d591e650a","name":"FindProvider by CPF And Cod - 20181018","event":[{"listen":"test","script":{"id":"a929a3e3-ad27-48aa-a600-9ce1c4cef6df","exec":["var response = responseBody;","var result = response.substring(14,16)","//tests[\"Resultado OK - Localizou Customer\"] = result === \"ID\"","//result = response.search(\"Customer not found\")","//tests[\"Resultado OK - Customer not found\"] = result > 0 ","/*","tests[\"Resultado OK - Localizou Customer\"] = result === \"ID\"","","if (result === \"ID\"){","    tests[\"Resultado OK - Localizou Customer\"] = result === \"ID\"","}else{ ","    result = response.search(\"Customer not found\")","    if(result > 0){","        tests[\"Resultado OK - Customer not found\"] ","    }","}","*/","pm.test(\"response is ok\", function () {","    pm.response.to.have.status(200);","});","",""],"type":"text/javascript"}}],"request":{"auth":{"type":"noauth"},"method":"GET","header":[{"key":"Content-Type","value":"application/json"},{"key":"cpf","value":"01234567890","disabled":true}],"body":{"mode":"raw","raw":""},"url":{"raw":"{{helpnet_endpoint}}api/customer/getProviderByCustomerIdAndProviderCode?cpfCustomer=40000000000&providerCod=20190130","host":["{{helpnet_endpoint}}api"],"path":["customer","getProviderByCustomerIdAndProviderCode"],"query":[{"key":"cpfCustomer","value":"40000000000","equals":true},{"key":"providerCod","value":"20190130","equals":true}]}},"response":[]},{"_postman_id":"c704098b-40f9-415b-bd65-533ac73e8810","name":"listByProviderId - OK","event":[{"listen":"test","script":{"id":"a929a3e3-ad27-48aa-a600-9ce1c4cef6df","exec":["pm.test(\"response is ok\", function () {","    pm.response.to.have.status(200);","});","",""],"type":"text/javascript"}}],"request":{"auth":{"type":"noauth"},"method":"GET","header":[{"key":"Content-Type","value":"application/json"},{"key":"cpf","value":"01234567890"}],"body":{"mode":"raw","raw":""},"url":{"raw":"{{helpnet_endpoint}}api/customer/listByProviderId?providerId=3","host":["{{helpnet_endpoint}}api"],"path":["customer","listByProviderId"],"query":[{"key":"providerId","value":"3","equals":true}]}},"response":[]}]},{"_postman_id":"9424a3d4-8cdd-4068-a71a-07332cde56ce","name":"Notification","description":"","item":[{"_postman_id":"ab12387e-17bf-4235-9df3-8fb596035821","name":"SendNotification","event":[{"listen":"test","script":{"id":"b750065a-dd64-4f70-9fde-19ca1dd116ad","exec":["pm.test(\"response is ok\", function () {","    pm.response.to.have.status(200);","});"],"type":"text/javascript"}}],"request":{"method":"POST","header":[{"key":"Content-Type","value":"application/json"}],"body":{"mode":"raw","raw":"{\"title\":\"Teste pelo Postman\",\"message\":\"Enviado via postman\",\"userId\":\"66\",\"blockNotification\":\"false\",\"tags\":[{\"key\":\"3_66\",\"relation\":\"=\",\"value\":\"1\"}]}"},"url":{"raw":"{{helpnet_endpoint}}api/notification/sendNotification","host":["{{helpnet_endpoint}}api"],"path":["notification","sendNotification"]}},"response":[]},{"_postman_id":"8b8f159a-1c02-4e6d-90f0-928d55fef4df","name":"SendNotification - no one sign on","event":[{"listen":"test","script":{"id":"8ddd7cd5-a8ef-407a-b1d8-a4ce0b2fcba1","exec":["pm.test(\"response is ok\", function () {","    pm.response.to.have.status(406);","});"],"type":"text/javascript"}}],"request":{"method":"POST","header":[{"key":"Content-Type","value":"application/json"}],"body":{"mode":"raw","raw":"{\"title\":\"Teste pelo Postman\",\"message\":\"Enviado via postman\",\"userId\":\"99\",\"blockNotification\":\"false\",\"tags\":[{\"key\":\"3_99\",\"relation\":\"=\",\"value\":\"1\"}]}"},"url":{"raw":"{{helpnet_endpoint}}api/notification/sendNotification","host":["{{helpnet_endpoint}}api"],"path":["notification","sendNotification"]}},"response":[]},{"_postman_id":"b89f98c0-9015-4d7e-b10d-f23778bd1b7e","name":"updateNotificationAsRead","event":[{"listen":"test","script":{"id":"8ddd7cd5-a8ef-407a-b1d8-a4ce0b2fcba1","exec":["pm.test(\"response is ok\", function () {","    pm.response.to.have.status(200);","});"],"type":"text/javascript"}}],"request":{"method":"PUT","header":[{"key":"Content-Type","value":"application/json"}],"body":{"mode":"raw","raw":"{\"notificationId\":\"112\",\"customerId\":\"64\"}"},"url":{"raw":"{{helpnet_endpoint}}api/notification/updateNotificationAsRead","host":["{{helpnet_endpoint}}api"],"path":["notification","updateNotificationAsRead"]},"description":"d"},"response":[]},{"_postman_id":"5cc5fd26-d84d-4e26-be37-4a019cfe5131","name":"listByCustomerId","event":[{"listen":"test","script":{"id":"8ddd7cd5-a8ef-407a-b1d8-a4ce0b2fcba1","exec":["pm.test(\"response is ok\", function () {","    pm.response.to.have.status(200);","});"],"type":"text/javascript"}}],"request":{"method":"GET","header":[{"key":"Content-Type","value":"application/json"}],"body":{"mode":"raw","raw":""},"url":{"raw":"{{helpnet_endpoint}}api/notification/listByCustomerId?customerId=56","host":["{{helpnet_endpoint}}api"],"path":["notification","listByCustomerId"],"query":[{"key":"customerId","value":"56","equals":true}]}},"response":[]},{"_postman_id":"5f807808-7388-4865-9d24-8bce00e05ba6","name":"listByProviderId","event":[{"listen":"test","script":{"id":"8ddd7cd5-a8ef-407a-b1d8-a4ce0b2fcba1","exec":["pm.test(\"response is ok\", function () {","    pm.response.to.have.status(200);","});"],"type":"text/javascript"}}],"request":{"method":"GET","header":[{"key":"Content-Type","value":"application/json"}],"body":{"mode":"raw","raw":""},"url":{"raw":"{{helpnet_endpoint}}api/notification/listByProviderId?providerId=1","host":["{{helpnet_endpoint}}api"],"path":["notification","listByProviderId"],"query":[{"key":"providerId","value":"1","equals":true}]}},"response":[]},{"_postman_id":"67520503-1827-47ef-8099-a4f12469db16","name":"listDefaultMessageForNotification","event":[{"listen":"test","script":{"id":"8ddd7cd5-a8ef-407a-b1d8-a4ce0b2fcba1","exec":["pm.test(\"response is ok\", function () {","    pm.response.to.have.status(200);","});"],"type":"text/javascript"}}],"request":{"method":"GET","header":[{"key":"Content-Type","value":"application/json"}],"body":{"mode":"raw","raw":""},"url":{"raw":"{{helpnet_endpoint}}api/notification/listDefaultMessageForNotification","host":["{{helpnet_endpoint}}api"],"path":["notification","listDefaultMessageForNotification"]}},"response":[]},{"_postman_id":"1121321e-f38a-4265-a1e2-4df06c518676","name":"OneSignal","event":[{"listen":"test","script":{"id":"8ddd7cd5-a8ef-407a-b1d8-a4ce0b2fcba1","exec":["var response = responseBody;","var result = response.indexOf(\"id\")","tests[\"Resultado OK\"] = result > 0"],"type":"text/javascript"}}],"request":{"method":"POST","header":[{"warning":"This is a duplicate header and will be overridden by the Authorization header generated by Postman.","key":"Authorization","value":"Basic YmI4Y2UzZGYtNjc4YS00ZGFjLWEwN2YtMWExNWI0MzZmODE0","type":"text"},{"key":"Content-Type","name":"Content-Type","value":"application/json","type":"text"}],"body":{"mode":"raw","raw":"{ \"app_id\": \"60e482a2-dd96-4205-9a08-53ea6a843454\",\r\n  \"headings\": { \"en\": \"a\" },\r\n  \"contents\": { \"en\": \"a\" },\r\n  \"tags\": [ { \"key\": \"3_2\", \"relation\": \"=\", \"value\": \"1\" }, {\"operator\": \"OR\"},\r\n  { \"key\": \"3_4\", \"relation\": \"=\", \"value\": \"1\" }, {\"operator\": \"OR\"},\r\n  { \"key\": \"3_40\", \"relation\": \"=\", \"value\": \"1\" }],\r\n  \"content_available\": 1 }"},"url":{"raw":"https://onesignal.com/api/v1/notifications","protocol":"https","host":["onesignal","com"],"path":["api","v1","notifications"]}},"response":[]}]},{"_postman_id":"1d290fe6-3b8c-4fde-89ba-68ec72801e88","name":"User","description":"","item":[{"_postman_id":"9f27c4f8-9832-422f-8cd6-7ec5c77e5562","name":"addUser","event":[{"listen":"test","script":{"id":"8c1b065c-2c11-43a4-890a-1b355d5d3de7","exec":["pm.test(\"response is ok\", function () {","    pm.response.to.have.status(200);","});"],"type":"text/javascript"}}],"request":{"method":"POST","header":[{"key":"Content-Type","name":"Content-Type","value":"application/json","type":"text"}],"body":{"mode":"raw","raw":"{\"login\": 22}"},"url":{"raw":"{{helpnet_endpoint}}api/user/add","host":["{{helpnet_endpoint}}api"],"path":["user","add"]}},"response":[]},{"_postman_id":"44cf6b23-6c86-49da-b9eb-925252db846a","name":"activateUserWithProvider - Invalid Confirmmation Code","event":[{"listen":"test","script":{"id":"d8cc8861-bb33-42f8-ac85-00224cfd2f38","exec":["pm.test(\"response is ok\", function () {","    pm.response.to.have.status(400);","});"],"type":"text/javascript"}}],"request":{"method":"PUT","header":[{"key":"Content-Type","value":"application/json"}],"body":{"mode":"raw","raw":"{\"userId\": 4, \"confirmationCode\": \"a\", \"providerId\": \"3\"}"},"url":{"raw":"{{helpnet_endpoint}}api/user/activateUserWithProvider","host":["{{helpnet_endpoint}}api"],"path":["user","activateUserWithProvider"]}},"response":[]},{"_postman_id":"1d54e82e-fc32-4deb-ac3d-75dca52fdaad","name":"activateUserWithProvider - Invalid Provider Id","event":[{"listen":"test","script":{"id":"d8cc8861-bb33-42f8-ac85-00224cfd2f38","exec":["pm.test(\"response is ok\", function () {","    pm.response.to.have.status(400);","});"],"type":"text/javascript"}}],"request":{"method":"PUT","header":[{"key":"Content-Type","value":"application/json"}],"body":{"mode":"raw","raw":"{\"userId\": 4, \"confirmationCode\": 20181019, \"providerId\": \"a\"}"},"url":{"raw":"{{helpnet_endpoint}}api/user/activateUserWithProvider","host":["{{helpnet_endpoint}}api"],"path":["user","activateUserWithProvider"]}},"response":[]},{"_postman_id":"231ace21-1fe7-4e3e-ad88-31a83d696996","name":"activateUserWithProvider - Invalid User Id","event":[{"listen":"test","script":{"id":"d8cc8861-bb33-42f8-ac85-00224cfd2f38","exec":["pm.test(\"response is ok\", function () {","    pm.response.to.have.status(400);","});"],"type":"text/javascript"}}],"request":{"method":"PUT","header":[{"key":"Content-Type","value":"application/json"}],"body":{"mode":"raw","raw":"{\"userId\": \"a\", \"confirmationCode\": 20181019, \"providerId\": \"3\"}"},"url":{"raw":"{{helpnet_endpoint}}api/user/activateUserWithProvider","host":["{{helpnet_endpoint}}api"],"path":["user","activateUserWithProvider"]}},"response":[]},{"_postman_id":"57be8e1c-36e9-446a-ad77-4bf85076413c","name":"activateUserWithProvider - OK","event":[{"listen":"test","script":{"id":"d8cc8861-bb33-42f8-ac85-00224cfd2f38","exec":["pm.test(\"response is ok\", function () {","    pm.response.to.have.status(200);","});"],"type":"text/javascript"}}],"request":{"method":"PUT","header":[{"key":"Content-Type","value":"application/json"}],"body":{"mode":"raw","raw":"{\"userId\": 39, \"confirmationCode\": 20181020, \"providerId\": \"3\"}"},"url":{"raw":"{{helpnet_endpoint}}api/user/activateUserWithProvider","host":["{{helpnet_endpoint}}api"],"path":["user","activateUserWithProvider"]}},"response":[]},{"_postman_id":"5cd91a89-b45a-4bfe-a838-981295e628c8","name":"User Info","event":[{"listen":"test","script":{"id":"8c1b065c-2c11-43a4-890a-1b355d5d3de7","exec":["pm.test(\"response is ok\", function () {","    pm.response.to.have.status(200);","});"],"type":"text/javascript"}}],"request":{"method":"GET","header":[{"key":"Content-Type","name":"Content-Type","value":"application/json","type":"text"}],"body":{"mode":"raw","raw":"{\"userLogin\": \"22\"}"},"url":{"raw":"{{helpnet_endpoint}}api/user/info?userLogin=uil1@gmail.com","host":["{{helpnet_endpoint}}api"],"path":["user","info"],"query":[{"key":"userLogin","value":"uil1@gmail.com","equals":true}]}},"response":[]},{"_postman_id":"96dd0816-7fdb-4588-b503-14e013920cd3","name":"listByProviderId","event":[{"listen":"test","script":{"id":"cc5638a6-8103-41db-b193-0b9d79b6eb64","exec":["pm.test(\"response is ok\", function () {","    pm.response.to.have.status(200);","});"],"type":"text/javascript"}}],"request":{"method":"GET","header":[],"body":{"mode":"raw","raw":""},"url":{"raw":"{{helpnet_endpoint}}api/user/listByProviderId?providerId=3","host":["{{helpnet_endpoint}}api"],"path":["user","listByProviderId"],"query":[{"key":"providerId","value":"3","equals":true}]}},"response":[]},{"_postman_id":"622bde76-4725-41a6-a016-cec6025cc2a8","name":"listByProviderId - Invalid Provider Id","event":[{"listen":"test","script":{"id":"cc5638a6-8103-41db-b193-0b9d79b6eb64","exec":["pm.test(\"response is ok\", function () {","    pm.response.to.have.status(400);","});"],"type":"text/javascript"}}],"request":{"method":"GET","header":[],"body":{"mode":"raw","raw":""},"url":{"raw":"{{helpnet_endpoint}}api/user/listByProviderId?providerId=a","host":["{{helpnet_endpoint}}api"],"path":["user","listByProviderId"],"query":[{"key":"providerId","value":"a","equals":true}]}},"response":[]}]},{"_postman_id":"fbf7d440-958d-4120-a720-c06d6fb37e87","name":"OS","description":"","item":[{"_postman_id":"19439af0-8988-466e-9253-ed87bd19e39a","name":"ListSituationsOs","event":[{"listen":"test","script":{"id":"cc5638a6-8103-41db-b193-0b9d79b6eb64","exec":["pm.test(\"response is ok\", function () {","    pm.response.to.have.status(200);","});"],"type":"text/javascript"}}],"request":{"method":"GET","header":[],"body":{"mode":"raw","raw":""},"url":{"raw":"{{helpnet_endpoint}}api/os/listSituations","host":["{{helpnet_endpoint}}api"],"path":["os","listSituations"]}},"response":[]},{"_postman_id":"57c6d691-0db6-4791-88ab-381f3966178a","name":"List OS by ProviderId - OK","event":[{"listen":"test","script":{"id":"de3118dd-6f42-4828-aa26-fcd49d9de129","exec":["pm.test(\"response is ok\", function () {","    pm.response.to.have.status(200);","});"],"type":"text/javascript"}}],"request":{"method":"GET","header":[],"body":{"mode":"raw","raw":""},"url":{"raw":"{{helpnet_endpoint}}api/os/listByProviderId?providerId=3","host":["{{helpnet_endpoint}}api"],"path":["os","listByProviderId"],"query":[{"key":"providerId","value":"3","equals":true}]}},"response":[]},{"_postman_id":"b67f6514-daab-4adf-9870-8f325b4d7eda","name":"List OS by ProviderId - Invalid Provider Id","event":[{"listen":"test","script":{"id":"de3118dd-6f42-4828-aa26-fcd49d9de129","exec":["pm.test(\"response is ok\", function () {","    pm.response.to.have.status(400);","});"],"type":"text/javascript"}}],"request":{"method":"GET","header":[],"body":{"mode":"raw","raw":""},"url":{"raw":"{{helpnet_endpoint}}api/os/listByProviderId?providerId=a","host":["{{helpnet_endpoint}}api"],"path":["os","listByProviderId"],"query":[{"key":"providerId","value":"a","equals":true}]}},"response":[]},{"_postman_id":"e6fa6638-925e-4110-86b4-7465832ad068","name":"ListOSBySituation - OK","event":[{"listen":"test","script":{"id":"a86506ac-a47a-4fde-a707-7f74277452d6","exec":["pm.test(\"response is ok\", function () {","    pm.response.to.have.status(200);","});"],"type":"text/javascript"}}],"request":{"method":"GET","header":[{"key":"Content-Type","value":"application/json"}],"body":{"mode":"raw","raw":"{\"situationId\":1,\n \"providerId\":2\n}\n"},"url":{"raw":"{{helpnet_endpoint}}api/os/listBySituation?providerId=3&situationId=2","host":["{{helpnet_endpoint}}api"],"path":["os","listBySituation"],"query":[{"key":"providerId","value":"3","equals":true},{"key":"situationId","value":"2","equals":true}]}},"response":[]},{"_postman_id":"d627b0f7-94df-4bfb-8e40-a8c14feed097","name":"ListOSBySituation - invalid Provider","event":[{"listen":"test","script":{"id":"a86506ac-a47a-4fde-a707-7f74277452d6","exec":["var response = responseBody;","var result = response.indexOf(\"Invalid provider Id\")","tests[\"Resultado OK\"] = result > 0"],"type":"text/javascript"}}],"request":{"method":"GET","header":[{"key":"Content-Type","value":"application/json"}],"body":{"mode":"raw","raw":""},"url":{"raw":"{{helpnet_endpoint}}api/os/listBySituation?providerId=a&situationId=2","host":["{{helpnet_endpoint}}api"],"path":["os","listBySituation"],"query":[{"key":"providerId","value":"a","equals":true},{"key":"situationId","value":"2","equals":true}]}},"response":[]},{"_postman_id":"02105616-6255-49bf-b569-e3466436576c","name":"ListOSBySituation - invalid Situation","event":[{"listen":"test","script":{"id":"a86506ac-a47a-4fde-a707-7f74277452d6","exec":["var response = responseBody;","var result = response.indexOf(\"Invalid Situation\")","tests[\"Resultado OK\"] = result > 0"],"type":"text/javascript"}}],"request":{"method":"GET","header":[{"key":"Content-Type","value":"application/json"}],"body":{"mode":"raw","raw":""},"url":{"raw":"{{helpnet_endpoint}}api/os/listBySituation?providerId=1&situationId=a","host":["{{helpnet_endpoint}}api"],"path":["os","listBySituation"],"query":[{"key":"providerId","value":"1","equals":true},{"key":"situationId","value":"a","equals":true}]}},"response":[]},{"_postman_id":"5bc0c18c-4e85-4573-8849-0281c74aeda2","name":"listOsByProviderIdAndSituationOpened - OK","event":[{"listen":"test","script":{"id":"a86506ac-a47a-4fde-a707-7f74277452d6","exec":["pm.test(\"response is ok\", function () {","    pm.response.to.have.status(200);","});"],"type":"text/javascript"}}],"request":{"method":"GET","header":[{"key":"Content-Type","value":"application/json"}],"body":{"mode":"raw","raw":""},"url":{"raw":"{{helpnet_endpoint}}api/os/listOsByProviderIdAndSituationOpened?providerId=3","host":["{{helpnet_endpoint}}api"],"path":["os","listOsByProviderIdAndSituationOpened"],"query":[{"key":"providerId","value":"3","equals":true}]}},"response":[]},{"_postman_id":"e39e205d-27b7-4ada-9547-bf2c48a07473","name":"listOsByProviderIdAndSituationOpened - Invalid Provider Id","event":[{"listen":"test","script":{"id":"a86506ac-a47a-4fde-a707-7f74277452d6","exec":["pm.test(\"response is ok\", function () {","    pm.response.to.have.status(400);","});"],"type":"text/javascript"}}],"request":{"method":"GET","header":[{"key":"Content-Type","value":"application/json"}],"body":{"mode":"raw","raw":""},"url":{"raw":"{{helpnet_endpoint}}api/os/listOsByProviderIdAndSituationOpened?providerId=a","host":["{{helpnet_endpoint}}api"],"path":["os","listOsByProviderIdAndSituationOpened"],"query":[{"key":"providerId","value":"a","equals":true}]}},"response":[]},{"_postman_id":"614c549b-e9fe-4e3b-b1d8-0467a32b7be5","name":"listOsByProviderIdAndSituationClosed - OK","event":[{"listen":"test","script":{"id":"a86506ac-a47a-4fde-a707-7f74277452d6","exec":["pm.test(\"response is ok\", function () {","    pm.response.to.have.status(200);","});"],"type":"text/javascript"}}],"request":{"method":"GET","header":[{"key":"Content-Type","value":"application/json"}],"body":{"mode":"raw","raw":""},"url":{"raw":"{{helpnet_endpoint}}api/os/listOsByProviderIdAndSituationClosed?providerId=3","host":["{{helpnet_endpoint}}api"],"path":["os","listOsByProviderIdAndSituationClosed"],"query":[{"key":"providerId","value":"3","equals":true}]}},"response":[]},{"_postman_id":"389af1bd-d75a-46fb-8f45-42bb373cce82","name":"listOsByProviderIdAndInProgress- OK","event":[{"listen":"test","script":{"id":"a86506ac-a47a-4fde-a707-7f74277452d6","exec":["pm.test(\"response is ok\", function () {","    pm.response.to.have.status(200);","});"],"type":"text/javascript"}}],"request":{"method":"GET","header":[{"key":"Content-Type","value":"application/json"}],"body":{"mode":"raw","raw":""},"url":{"raw":"{{helpnet_endpoint}}api/os/listOsByProviderIdAndInProgress?providerId=3","host":["{{helpnet_endpoint}}api"],"path":["os","listOsByProviderIdAndInProgress"],"query":[{"key":"providerId","value":"3","equals":true}]}},"response":[]},{"_postman_id":"c9d747fe-6cc7-4546-9746-590d684ae6cc","name":"listOsByProviderIdAndSituationClosed - Invalid Provider Id","event":[{"listen":"test","script":{"id":"a86506ac-a47a-4fde-a707-7f74277452d6","exec":["pm.test(\"response is ok\", function () {","    pm.response.to.have.status(400);","});"],"type":"text/javascript"}}],"request":{"method":"GET","header":[{"key":"Content-Type","value":"application/json"}],"body":{"mode":"raw","raw":""},"url":{"raw":"{{helpnet_endpoint}}api/os/listOsByProviderIdAndSituationClosed?providerId=a","host":["{{helpnet_endpoint}}api"],"path":["os","listOsByProviderIdAndSituationClosed"],"query":[{"key":"providerId","value":"a","equals":true}]}},"response":[]},{"_postman_id":"13317799-ac67-427d-8438-ae7ab5997275","name":"ListOSByCustomer - OK","event":[{"listen":"test","script":{"id":"a86506ac-a47a-4fde-a707-7f74277452d6","exec":["pm.test(\"response is ok\", function () {","    pm.response.to.have.status(200);","});"],"type":"text/javascript"}}],"request":{"method":"GET","header":[{"key":"Content-Type","value":"application/json"}],"body":{"mode":"raw","raw":""},"url":{"raw":"{{helpnet_endpoint}}api/os/listByCustomer?providerId=3&customerId=64","host":["{{helpnet_endpoint}}api"],"path":["os","listByCustomer"],"query":[{"key":"providerId","value":"3","equals":true},{"key":"customerId","value":"64","equals":true}]}},"response":[]},{"_postman_id":"8af8de0b-4bba-47f7-94e1-7346040535a2","name":"ListOSByCustomer - Invalid Provider ID","event":[{"listen":"test","script":{"id":"a86506ac-a47a-4fde-a707-7f74277452d6","exec":["pm.test(\"response is ok\", function () {","    pm.response.to.have.status(400);","});"],"type":"text/javascript"}}],"request":{"method":"GET","header":[{"key":"Content-Type","value":"application/json"}],"body":{"mode":"raw","raw":""},"url":{"raw":"{{helpnet_endpoint}}api/os/listByCustomer?providerId=a&customerId=2","host":["{{helpnet_endpoint}}api"],"path":["os","listByCustomer"],"query":[{"key":"providerId","value":"a","equals":true},{"key":"customerId","value":"2","equals":true}]}},"response":[]},{"_postman_id":"27a7d8d5-ad01-4649-bb35-91ed6e86880f","name":"ListOSByCustomer - Invalid Provider ID Copy","event":[{"listen":"test","script":{"id":"a86506ac-a47a-4fde-a707-7f74277452d6","exec":["pm.test(\"response is ok\", function () {","    pm.response.to.have.status(400);","});"],"type":"text/javascript"}}],"request":{"method":"GET","header":[{"key":"Content-Type","value":"application/json"}],"body":{"mode":"raw","raw":""},"url":{"raw":"{{helpnet_endpoint}}api/os/listByCustomer?providerId=a&customerId=2","host":["{{helpnet_endpoint}}api"],"path":["os","listByCustomer"],"query":[{"key":"providerId","value":"a","equals":true},{"key":"customerId","value":"2","equals":true}]}},"response":[]},{"_postman_id":"0bf74cc6-8f62-4038-a4ba-8671abfadd2c","name":"ListOSByCustomer - Invalid Customer ID","event":[{"listen":"test","script":{"id":"a86506ac-a47a-4fde-a707-7f74277452d6","exec":["pm.test(\"response is ok\", function () {","    pm.response.to.have.status(400);","});"],"type":"text/javascript"}}],"request":{"method":"GET","header":[{"key":"Content-Type","value":"application/json"}],"body":{"mode":"raw","raw":""},"url":{"raw":"{{helpnet_endpoint}}api/os/listByCustomer?providerId=3&customerId=a","host":["{{helpnet_endpoint}}api"],"path":["os","listByCustomer"],"query":[{"key":"providerId","value":"3","equals":true},{"key":"customerId","value":"a","equals":true}]}},"response":[]},{"_postman_id":"f9f1b714-550d-4746-8e08-4ba322272a79","name":"getOsBynumber - OK","event":[{"listen":"test","script":{"id":"a86506ac-a47a-4fde-a707-7f74277452d6","exec":["pm.test(\"response is ok\", function () {","    pm.response.to.have.status(200);","});"],"type":"text/javascript"}}],"request":{"method":"GET","header":[{"key":"Content-Type","value":"application/json"}],"body":{"mode":"raw","raw":""},"url":{"raw":"{{helpnet_endpoint}}api/os/getOsByNumber?numberOS=3190330271","host":["{{helpnet_endpoint}}api"],"path":["os","getOsByNumber"],"query":[{"key":"numberOS","value":"3190330271","equals":true}]}},"response":[]},{"_postman_id":"b2a222f2-f82d-4e32-89a0-a1899eca3b6d","name":"ResgisterOS - OK","event":[{"listen":"test","script":{"id":"8ddd7cd5-a8ef-407a-b1d8-a4ce0b2fcba1","exec":["pm.test(\"response is ok\", function () {","    pm.response.to.have.status(200);","});"],"type":"text/javascript"}}],"request":{"method":"POST","header":[{"key":"Content-Type","value":"application/json"}],"body":{"mode":"raw","raw":"{\n  \"customerId\": \"66\",\n  \"problemId\": \"3\",\n  \"details\": \"OS Aberta pelo postman\",\n  \"providerId\": \"3\"\n}"},"url":{"raw":"{{helpnet_endpoint}}api/os/register","host":["{{helpnet_endpoint}}api"],"path":["os","register"]}},"response":[]},{"_postman_id":"86d33d27-2871-4c55-b7a9-a659d47d1592","name":"ResgisterOS - Invalid Provider Id","event":[{"listen":"test","script":{"id":"8ddd7cd5-a8ef-407a-b1d8-a4ce0b2fcba1","exec":["pm.test(\"response is ok\", function () {","    pm.response.to.have.status(400);","});"],"type":"text/javascript"}}],"request":{"method":"POST","header":[{"key":"Content-Type","value":"application/json"}],"body":{"mode":"raw","raw":"{\n  \"customerId\": 64,\n  \"problemId\": 2,\n  \"details\": \"primeiro teste completo da criação da OS\",\n  \"providerId\": \"a\"\n}"},"url":{"raw":"{{helpnet_endpoint}}api/os/register","host":["{{helpnet_endpoint}}api"],"path":["os","register"]}},"response":[]},{"_postman_id":"77cd6f16-1672-4d6b-8c99-727b764112fb","name":"ResgisterOS - Invalid Customer Id","event":[{"listen":"test","script":{"id":"8ddd7cd5-a8ef-407a-b1d8-a4ce0b2fcba1","exec":["pm.test(\"response is ok\", function () {","    pm.response.to.have.status(400);","});"],"type":"text/javascript"}}],"request":{"method":"POST","header":[{"key":"Content-Type","value":"application/json"}],"body":{"mode":"raw","raw":"{\n  \"customerId\": \"a\",\n  \"problemId\": \"2\",\n  \"details\": \"primeiro teste completo da criação da OS\",\n  \"providerId\": 3\n}"},"url":{"raw":"{{helpnet_endpoint}}api/os/register","host":["{{helpnet_endpoint}}api"],"path":["os","register"]}},"response":[]},{"_postman_id":"2199a890-adfb-4416-affa-b941ceda26c2","name":"ResgisterOS - Invalid Problem Id","event":[{"listen":"test","script":{"id":"8ddd7cd5-a8ef-407a-b1d8-a4ce0b2fcba1","exec":["pm.test(\"response is ok\", function () {","    pm.response.to.have.status(400);","});"],"type":"text/javascript"}}],"request":{"method":"POST","header":[{"key":"Content-Type","value":"application/json"}],"body":{"mode":"raw","raw":"{\n  \"customerId\": 66,\n  \"problemId\": \"a\",\n  \"details\": \"primeiro teste completo da criação da OS\",\n  \"providerId\": 3\n}"},"url":{"raw":"{{helpnet_endpoint}}api/os/register","host":["{{helpnet_endpoint}}api"],"path":["os","register"]}},"response":[]},{"_postman_id":"66dca094-7839-441b-b4e8-76cee48d092e","name":"canOpen - True","event":[{"listen":"test","script":{"id":"de3118dd-6f42-4828-aa26-fcd49d9de129","exec":["pm.test(\"response is ok\", function () {","    pm.response.to.have.status(200);","});"],"type":"text/javascript"}}],"request":{"method":"GET","header":[],"body":{"mode":"raw","raw":""},"url":{"raw":"{{helpnet_endpoint}}api/os/canOpen?providerId=3&customerId=66","host":["{{helpnet_endpoint}}api"],"path":["os","canOpen"],"query":[{"key":"providerId","value":"3","equals":true},{"key":"customerId","value":"66","equals":true}]},"description":"m"},"response":[]},{"_postman_id":"a28fd58e-40b7-4e14-850c-4eab48335d0d","name":"canOpen - False","event":[{"listen":"test","script":{"id":"de3118dd-6f42-4828-aa26-fcd49d9de129","exec":["pm.test(\"response is ok\", function () {","    pm.response.to.have.status(200);","});"],"type":"text/javascript"}}],"request":{"method":"GET","header":[],"body":{"mode":"raw","raw":""},"url":{"raw":"{{helpnet_endpoint}}api/os/canOpen?providerId=3&customerId=64","host":["{{helpnet_endpoint}}api"],"path":["os","canOpen"],"query":[{"key":"providerId","value":"3","equals":true},{"key":"customerId","value":"64","equals":true}]},"description":"m"},"response":[]},{"_postman_id":"11494a2a-0de3-480c-a6ce-58f63aef0422","name":"changeSituationOS - OK","event":[{"listen":"test","script":{"id":"908de7cd-fbe4-4eaf-9513-c00389e50008","exec":["pm.test(\"response is ok\", function () {","    pm.response.to.have.status(200);","});"],"type":"text/javascript"}}],"request":{"method":"POST","header":[{"key":"my-sample-header","value":"application/json"},{"key":"Content-Type","value":"application/json"}],"body":{"mode":"raw","raw":"{\n  \"osNumber\": 3190316193,\n  \"situationId\": 4,\n  \"messageToCustomer\":null,\n  \"userId\":null,\n  \"event\": {\n    \"userId\":33,\n    \"eventTypeID\": 4,\n    \"description\": \"O fio estava partido por conta de pipas\"\n  }\n}"},"url":{"raw":"{{helpnet_endpoint}}api/os/changeSituation","host":["{{helpnet_endpoint}}api"],"path":["os","changeSituation"]}},"response":[]},{"_postman_id":"eb0847b7-9bd4-4c2e-bd70-3517a287d0fe","name":"changeSituationOS - OK - Change to  working","event":[{"listen":"test","script":{"id":"908de7cd-fbe4-4eaf-9513-c00389e50008","exec":["pm.test(\"response is ok\", function () {","    pm.response.to.have.status(200);","});"],"type":"text/javascript"}}],"request":{"method":"POST","header":[{"key":"my-sample-header","value":"application/json"},{"key":"Content-Type","value":"application/json"}],"body":{"mode":"raw","raw":"{\n  \"osNumber\": 3190316193,\n  \"situationId\": 2,\n   \"messageToCustomer\":null,\n  \"userId\":54,\n  \"event\": {\n    \"userId\":75,\n    \"eventTypeID\": 2,\n    \"description\": \"Julio, resolve ai...\"\n  }\n}"},"url":{"raw":"{{helpnet_endpoint}}api/os/changeSituation","host":["{{helpnet_endpoint}}api"],"path":["os","changeSituation"]}},"response":[]},{"_postman_id":"6892a1b3-3806-4408-8e27-f073aa07e82c","name":"changeSituationOS - OK - Closed OS","event":[{"listen":"test","script":{"id":"908de7cd-fbe4-4eaf-9513-c00389e50008","exec":["pm.test(\"response is ok\", function () {","    pm.response.to.have.status(200);","});"],"type":"text/javascript"}}],"request":{"method":"POST","header":[{"key":"my-sample-header","value":"application/json"},{"key":"Content-Type","value":"application/json"}],"body":{"mode":"raw","raw":"{\n  \"osNumber\": 3190316193,\n  \"situationId\": 3,\n  \"messageToCustomer\":\"Outro teste de mensagem\",\n  \"userId\":54,\n  \"event\": {\n    \"userId\":23,\n    \"eventTypeID\": 4,\n    \"description\": \"O fio estava partido por conta de pipas\"\n  }\n}"},"url":{"raw":"{{helpnet_endpoint}}api/os/changeSituation","host":["{{helpnet_endpoint}}api"],"path":["os","changeSituation"]}},"response":[]},{"_postman_id":"efb8d2b2-2c78-40d1-8120-ca5c8c7e9717","name":"changeSituationOS - Invalid OS Number","event":[{"listen":"test","script":{"id":"a614dcaa-6951-4c3b-a466-c8fcc87837dc","exec":["pm.test(\"response is ok\", function () {","    pm.response.to.have.status(400);","});"],"type":"text/javascript"}}],"request":{"method":"POST","header":[{"key":"my-sample-header","value":"application/json"},{"key":"Content-Type","value":"application/json"}],"body":{"mode":"raw","raw":"{\n  \"osNumber\": \"asa\",\n  \"situationId\": 4,\n   \"messageToCustomer\":null,\n  \"userId\":54,\n  \"event\": {\n    \"userId\": 1,\n    \"eventTypeID\": 3,\n    \"description\": \"Esperando material...\"\n  }\n}"},"url":{"raw":"{{helpnet_endpoint}}api/os/changeSituation","host":["{{helpnet_endpoint}}api"],"path":["os","changeSituation"]}},"response":[]},{"_postman_id":"a52a64dd-b946-4290-aa4c-07876fc35387","name":"changeSituationOS - Invalid Situation","event":[{"listen":"test","script":{"id":"c9ab004a-e1fe-484e-9063-4034a84bc59d","exec":["pm.test(\"response is ok\", function () {","    pm.response.to.have.status(400);","});"],"type":"text/javascript"}}],"request":{"method":"POST","header":[{"key":"my-sample-header","value":"application/json"},{"key":"Content-Type","value":"application/json"}],"body":{"mode":"raw","raw":"{\n  \"osNumber\": 3190316193,\n  \"situationId\": \"a\",\n  \"messageToCustomer\":null,\n  \"userId\":54,\n  \"event\": {\n    \"userId\": 1,\n    \"eventTypeID\": 3,\n    \"description\": \"Esperando material...\"\n  }\n}"},"url":{"raw":"{{helpnet_endpoint}}api/os/changeSituation","host":["{{helpnet_endpoint}}api"],"path":["os","changeSituation"]}},"response":[]},{"_postman_id":"ec3f67e5-b983-48fd-977a-cea54cdeed25","name":"changeSituationOS - Invalid User Id from Event","event":[{"listen":"test","script":{"id":"509c30a2-ea84-41f8-ae75-c5abda366c67","exec":["pm.test(\"response is ok\", function () {","    pm.response.to.have.status(400);","});"],"type":"text/javascript"}}],"request":{"method":"POST","header":[{"key":"my-sample-header","value":"application/json"},{"key":"Content-Type","value":"application/json"}],"body":{"mode":"raw","raw":"{\n  \"osNumber\": 3190316193,\n  \"situationId\": 4,\n  \"messageToCustomer\":null,\n  \"userId\":54,\n  \"event\": {\n    \"userId\": \"a1\",\n    \"eventTypeID\": 3,\n    \"description\": \"Esperando material...\"\n  }\n}"},"url":{"raw":"{{helpnet_endpoint}}api/os/changeSituation","host":["{{helpnet_endpoint}}api"],"path":["os","changeSituation"]}},"response":[]},{"_postman_id":"7480dbeb-1f2c-4ad3-a5ce-a6ac4e17754e","name":"changeSituationOS - Invalid Event id from Event","event":[{"listen":"test","script":{"id":"509c30a2-ea84-41f8-ae75-c5abda366c67","exec":["pm.test(\"response is ok\", function () {","    pm.response.to.have.status(400);","});"],"type":"text/javascript"}}],"request":{"method":"POST","header":[{"key":"my-sample-header","value":"application/json"},{"key":"Content-Type","value":"application/json"}],"body":{"mode":"raw","raw":"{\n  \"osNumber\": 3190316193,\n  \"situationId\": 4,\n  \"messageToCustomer\":null,\n  \"userId\":54,\n  \"event\": {\n    \"userId\": 66,\n    \"eventTypeID\": \"a\",\n    \"description\": \"Esperando material...\"\n  }\n}"},"url":{"raw":"{{helpnet_endpoint}}api/os/changeSituation","host":["{{helpnet_endpoint}}api"],"path":["os","changeSituation"]}},"response":[]},{"_postman_id":"c193d42c-2141-4c7f-baf0-37a11dfa599d","name":"associateUser - OK","event":[{"listen":"test","script":{"id":"79491f87-69fd-45b7-9b40-dc467e394beb","exec":["pm.test(\"response is ok\", function () {","    pm.response.to.have.status(200);","});"],"type":"text/javascript"}}],"request":{"method":"POST","header":[{"key":"Content-Type","value":"application/json"}],"body":{"mode":"raw","raw":"{\n\"osId\":186,\n\"userId\":\"29\",\n\"event\": {\n    \"userId\": 28,\n    \"eventTypeID\": 2,\n    \"description\": \"mudando o tecnico\"\n  }\n}"},"url":{"raw":"{{helpnet_endpoint}}api/os/associateUser","host":["{{helpnet_endpoint}}api"],"path":["os","associateUser"]}},"response":[]},{"_postman_id":"72027ac5-6c65-4028-a516-02aa8a57e6be","name":"associateUser - Invalid Os id","event":[{"listen":"test","script":{"id":"9afca388-e610-4a6a-8abf-99b73a2f9188","exec":["pm.test(\"response is ok\", function () {","    pm.response.to.have.status(400);","});"],"type":"text/javascript"}}],"request":{"method":"POST","header":[{"key":"Content-Type","value":"application/json"}],"body":{"mode":"raw","raw":"{\n\"osId\":\"a\",\n\"userId\":\"22\",\n\"event\": {\n    \"userId\": 22,\n    \"eventTypeID\": 2,\n    \"description\": \"mudando o tecnico\"\n  }\n}"},"url":{"raw":"{{helpnet_endpoint}}api/os/associateUser","host":["{{helpnet_endpoint}}api"],"path":["os","associateUser"]}},"response":[]},{"_postman_id":"49d32bb1-0cdc-4593-a1e8-3e1c8e0f2461","name":"associateUser - Invalid User id","event":[{"listen":"test","script":{"id":"e33b46b2-d8ed-4f16-a5d9-8ea2c1d8dca9","exec":["pm.test(\"response is ok\", function () {","    pm.response.to.have.status(400);","});"],"type":"text/javascript"}}],"request":{"method":"POST","header":[{"key":"Content-Type","value":"application/json"}],"body":{"mode":"raw","raw":"{\n\"osId\":69,\n\"userId\":\"a\",\n\"event\": {\n    \"userId\": 22,\n    \"eventTypeID\": 2,\n    \"description\": \"mudando o tecnico\"\n  }\n}"},"url":{"raw":"{{helpnet_endpoint}}api/os/associateUser","host":["{{helpnet_endpoint}}api"],"path":["os","associateUser"]}},"response":[]},{"_postman_id":"7c661e3c-57c4-4e73-aa6b-8c532291bde1","name":"associateUser - Invalid user Id from Event","event":[{"listen":"test","script":{"id":"86336441-e00d-47e6-8353-ddf427927ab1","exec":["pm.test(\"response is ok\", function () {","    pm.response.to.have.status(400);","});"],"type":"text/javascript"}}],"request":{"method":"POST","header":[{"key":"Content-Type","value":"application/json"}],"body":{"mode":"raw","raw":"{\n\"osId\":69,\n\"userId\":22,\n\"event\": {\n    \"userId\": \"a\",\n    \"eventTypeID\": 2,\n    \"description\": \"mudando o tecnico\"\n  }\n}"},"url":{"raw":"{{helpnet_endpoint}}api/os/associateUser","host":["{{helpnet_endpoint}}api"],"path":["os","associateUser"]}},"response":[]},{"_postman_id":"d786d679-9d43-4f5e-b0ff-fb8869b1528c","name":"associateUser - Invalid event Type Event from Event","event":[{"listen":"test","script":{"id":"86336441-e00d-47e6-8353-ddf427927ab1","exec":["pm.test(\"response is ok\", function () {","    pm.response.to.have.status(400);","});"],"type":"text/javascript"}}],"request":{"method":"POST","header":[{"key":"Content-Type","value":"application/json"}],"body":{"mode":"raw","raw":"{\n\"osId\":69,\n\"userId\":22,\n\"event\": {\n    \"userId\": 22,\n    \"eventTypeID\": \"a\",\n    \"description\": \"mudando o tecnico\"\n  }\n}"},"url":{"raw":"{{helpnet_endpoint}}api/os/associateUser","host":["{{helpnet_endpoint}}api"],"path":["os","associateUser"]}},"response":[]}]},{"_postman_id":"69d27baf-5f9b-4793-8830-9ab511e70965","name":"Util","description":"","item":[{"_postman_id":"5036c9c1-29c1-42b7-aa08-ae86bd6f552d","name":"List Users","event":[{"listen":"test","script":{"id":"8c1b065c-2c11-43a4-890a-1b355d5d3de7","exec":["pm.test(\"response is ok\", function () {","    pm.response.to.have.status(200);","});"],"type":"text/javascript"}}],"request":{"method":"GET","header":[],"body":{"mode":"raw","raw":""},"url":{"raw":"{{helpnet_endpoint}}api/util/users","host":["{{helpnet_endpoint}}api"],"path":["util","users"]},"description":"São usuários do CMS/BO"},"response":[]},{"_postman_id":"e526e3ed-982b-4c8d-b5c1-45a976594666","name":"List Users Copy","event":[{"listen":"test","script":{"id":"8c1b065c-2c11-43a4-890a-1b355d5d3de7","exec":["pm.test(\"response is ok\", function () {","    pm.response.to.have.status(200);","});"],"type":"text/javascript"}}],"request":{"method":"GET","header":[],"body":{"mode":"raw","raw":""},"url":{"raw":"{{helpnet_endpoint}}api/util/users","host":["{{helpnet_endpoint}}api"],"path":["util","users"]},"description":"São usuários do CMS/BO"},"response":[]},{"_postman_id":"24f775f2-a600-4646-be1a-06e45b7515dd","name":"Encrypt String","event":[{"listen":"test","script":{"id":"8c1b065c-2c11-43a4-890a-1b355d5d3de7","exec":["pm.test(\"response is ok\", function () {","    pm.response.to.have.status(200);","});"],"type":"text/javascript"}}],"request":{"method":"GET","header":[],"body":{"mode":"raw","raw":""},"url":{"raw":"{{helpnet_endpoint}}api/util/encrypt?valueToEncrypt=password","host":["{{helpnet_endpoint}}api"],"path":["util","encrypt"],"query":[{"key":"valueToEncrypt","value":"password","type":"text"}]}},"response":[]},{"_postman_id":"9b9c9a53-5fa1-4c5f-af39-f43224a58f83","name":"Decrypt cipher","event":[{"listen":"test","script":{"id":"8c1b065c-2c11-43a4-890a-1b355d5d3de7","exec":["pm.test(\"response is ok\", function () {","    pm.response.to.have.status(200);","});"],"type":"text/javascript"}}],"request":{"method":"GET","header":[],"body":{"mode":"raw","raw":""},"url":{"raw":"{{helpnet_endpoint}}api/util/decrypt?cipher=U2FsdGVkX180hwwEaSBGvrip0UoP4smDvcNEXsWFhGo=","host":["{{helpnet_endpoint}}api"],"path":["util","decrypt"],"query":[{"key":"cipher","value":"<put your cipher>","equals":true,"disabled":true},{"key":"cipher","value":"U2FsdGVkX180hwwEaSBGvrip0UoP4smDvcNEXsWFhGo=","type":"text"}]}},"response":[]}]},{"_postman_id":"31a335a7-98d7-42f3-a05d-fa423c5039be","name":"Provider","description":"","item":[{"_postman_id":"004ae5f1-dd58-4da2-9d6f-3bd9a78dff29","name":"List Providers","event":[{"listen":"test","script":{"id":"2165f521-e197-4d42-8dc7-9fc3a024a4e4","exec":["pm.test(\"response is ok\", function () {","    pm.response.to.have.status(200);","});"],"type":"text/javascript"}}],"request":{"method":"GET","header":[],"body":{"mode":"raw","raw":""},"url":{"raw":"{{helpnet_endpoint}}api/provider/listProviders","host":["{{helpnet_endpoint}}api"],"path":["provider","listProviders"]}},"response":[]},{"_postman_id":"24478e79-91f0-4a58-a967-0bbc71987e8a","name":"Update Provider","event":[{"listen":"test","script":{"id":"d8cc8861-bb33-42f8-ac85-00224cfd2f38","exec":["pm.test(\"response is ok\", function () {","    pm.response.to.have.status(200);","});"],"type":"text/javascript"}}],"request":{"method":"PUT","header":[{"key":"Content-Type","value":"application/json"}],"body":{"mode":"raw","raw":"{\n   \"logo\": \"ahttps://firebasestorage.googleapis.com/v0/b/helpnet-3a519.appspot.com/o/provider%2Flogo-provedor3-amazon.jpeg?alt=media&token=42b9aee6-f8b7-4f2f-925a-95dfe304731b\",\n   \"providerId\": 4,\n   \"name\": \"brovider teste\",\n\t\"description\": \"ceste\",\n\t\"email\" : \"drovidertest@test.com\",\n\t\"phone\" : \"e23098\",\n\t\"cellphone\" : \"f8912387\",\n\t\"emailToSendOS\" : \"grovidertest@test.com\",\n\t\"dbName\": \"hb nome\",\n\t\"dbUrl\": \"ib url\",\n\t\"dbPort\": \"j306\",\n\t\"dbUser\": \"kser\",\n\t\"dbPassword\": \"lass\",\n\t\"dbTable\": \"makedb\",\n\t\"dbColumnIdentify\" : \"npf\",\n\t\"dbSelect\" : \"oELECT * FROM fakedb\",\n\t\"codeProvider\": \"p306\",\n\t\"codeClient\": \"q306\"\n}"},"url":{"raw":"{{helpnet_endpoint}}api/provider/updateProvider","host":["{{helpnet_endpoint}}api"],"path":["provider","updateProvider"]}},"response":[]},{"_postman_id":"d16eb75d-da17-411c-bf04-488347f69eea","name":"Add Provider","event":[{"listen":"test","script":{"id":"d8cc8861-bb33-42f8-ac85-00224cfd2f38","exec":["pm.test(\"response is ok\", function () {","    pm.response.to.have.status(200);","});"],"type":"text/javascript"}}],"request":{"method":"POST","header":[{"key":"Content-Type","value":"application/json"}],"body":{"mode":"raw","raw":"{\n\"name\": \"1\",\n\"description\": \"2 de Alex\",\n\"email\" : \"3@test.com\",\n\"phone\" : \"4\",\n\"cellphone\" : \"5\",\n\"emailToSendOS\" : \"6@test.com\",\n\"logo\" : \"7://firebasestorage.googleapis.com/v0/b/helpnet-3a519.appspot.com/o/provider%2Flogo-provedor3-amazon.jpeg?alt=media&token=42b9aee6-f8b7-4f2f-925a-95dfe304731b\",\n\"dbName\": \"8\",\n\"dbUrl\": \"9\",\n\"dbPort\": \"10\",\n\"dbUser\": \"11\",\n\"dbPassword\": \"h3lpn3ts\",\n\"dbTable\": \"13\",\n\"dbColumnIdentify\" : \"14\",\n\"dbSelect\" : \"15 id, nome, cpf_cnpj, nome_res, fone, celular, login, email, endereco, numero, complemento, bairro, cidade, estado, cep, bloqueado, cli_ativado, cadastro, plano\",\n\"codeProvider\": \"16\",\n\"codeClient\": \"17\"\n}\n"},"url":{"raw":"{{helpnet_endpoint}}api/provider/addProvider","host":["{{helpnet_endpoint}}api"],"path":["provider","addProvider"]}},"response":[]}]}]}